"dest","date","rtt"
"178.132.84.1","Thu Dec 03 2020 11:32:32 GMT+0330 (Iran Standard Time)",200
"178.132.84.1","Thu Dec 03 2020 11:32:33 GMT+0330 (Iran Standard Time)",136
"178.132.84.1","Thu Dec 03 2020 11:32:34 GMT+0330 (Iran Standard Time)",138
"178.132.84.1","Thu Dec 03 2020 11:34:35 GMT+0330 (Iran Standard Time)",305
"178.132.84.1","Thu Dec 03 2020 11:34:36 GMT+0330 (Iran Standard Time)",338
"178.132.84.1","Thu Dec 03 2020 11:34:37 GMT+0330 (Iran Standard Time)",157
"178.132.84.1","Thu Dec 03 2020 11:34:38 GMT+0330 (Iran Standard Time)",193
"178.132.84.1","Thu Dec 03 2020 11:34:39 GMT+0330 (Iran Standard Time)",137
"178.132.84.1","Thu Dec 03 2020 11:34:39 GMT+0330 (Iran Standard Time)",137
"178.132.84.1","Thu Dec 03 2020 11:34:40 GMT+0330 (Iran Standard Time)",240
"178.132.84.1","Thu Dec 03 2020 11:34:41 GMT+0330 (Iran Standard Time)",136
"178.132.84.1","Thu Dec 03 2020 11:34:42 GMT+0330 (Iran Standard Time)",283
"178.132.84.1","Thu Dec 03 2020 11:34:43 GMT+0330 (Iran Standard Time)",297
"178.132.84.1","Thu Dec 03 2020 11:34:44 GMT+0330 (Iran Standard Time)",145
"178.132.84.1","Thu Dec 03 2020 11:34:45 GMT+0330 (Iran Standard Time)",136
"178.132.84.1","Thu Dec 03 2020 11:34:46 GMT+0330 (Iran Standard Time)",161
"178.132.84.1","Thu Dec 03 2020 11:34:47 GMT+0330 (Iran Standard Time)",143
"178.132.84.1","Thu Dec 03 2020 11:34:48 GMT+0330 (Iran Standard Time)",137
"178.132.84.1","Thu Dec 03 2020 11:34:49 GMT+0330 (Iran Standard Time)",230
"178.132.84.1","Thu Dec 03 2020 11:34:49 GMT+0330 (Iran Standard Time)",230
"178.132.84.1","Thu Dec 03 2020 11:34:50 GMT+0330 (Iran Standard Time)",136
"178.132.84.1","Thu Dec 03 2020 11:34:51 GMT+0330 (Iran Standard Time)",277
"178.132.84.1","Thu Dec 03 2020 11:34:52 GMT+0330 (Iran Standard Time)",148
"178.132.84.1","Thu Dec 03 2020 11:34:53 GMT+0330 (Iran Standard Time)",325
"178.132.84.1","Thu Dec 03 2020 11:34:54 GMT+0330 (Iran Standard Time)",155
"178.132.84.1","Thu Dec 03 2020 11:34:55 GMT+0330 (Iran Standard Time)",169
"178.132.84.1","Thu Dec 03 2020 11:34:56 GMT+0330 (Iran Standard Time)",183
"178.132.84.1","Thu Dec 03 2020 11:34:57 GMT+0330 (Iran Standard Time)",208
"178.132.84.1","Thu Dec 03 2020 11:34:58 GMT+0330 (Iran Standard Time)",239
"178.132.84.1","Thu Dec 03 2020 11:34:58 GMT+0330 (Iran Standard Time)",239
"178.132.84.1","Thu Dec 03 2020 11:34:59 GMT+0330 (Iran Standard Time)",252
"178.132.84.1","Thu Dec 03 2020 11:34:59 GMT+0330 (Iran Standard Time)",252
"178.132.84.1","Thu Dec 03 2020 11:35:00 GMT+0330 (Iran Standard Time)",272
"178.132.84.1","Thu Dec 03 2020 11:35:01 GMT+0330 (Iran Standard Time)",135
"178.132.84.1","Thu Dec 03 2020 11:35:02 GMT+0330 (Iran Standard Time)",324
"178.132.84.1","Thu Dec 03 2020 11:35:03 GMT+0330 (Iran Standard Time)",137
"178.132.84.1","Thu Dec 03 2020 11:35:04 GMT+0330 (Iran Standard Time)",158
"178.132.84.1","Thu Dec 03 2020 11:35:05 GMT+0330 (Iran Standard Time)",282
"178.132.84.1","Thu Dec 03 2020 11:35:12 GMT+0330 (Iran Standard Time)",170
"178.132.84.1","Thu Dec 03 2020 11:35:12 GMT+0330 (Iran Standard Time)",170
"178.132.84.1","Thu Dec 03 2020 11:35:12 GMT+0330 (Iran Standard Time)",170
"178.132.84.1","Thu Dec 03 2020 11:35:13 GMT+0330 (Iran Standard Time)",197
"178.132.84.1","Thu Dec 03 2020 11:35:14 GMT+0330 (Iran Standard Time)",275
"178.132.84.1","Thu Dec 03 2020 11:35:14 GMT+0330 (Iran Standard Time)",142
"178.132.84.1","Thu Dec 03 2020 11:35:15 GMT+0330 (Iran Standard Time)",139
"178.132.84.1","Thu Dec 03 2020 11:35:17 GMT+0330 (Iran Standard Time)",286
"178.132.84.1","Thu Dec 03 2020 11:35:18 GMT+0330 (Iran Standard Time)",311
"178.132.84.1","Thu Dec 03 2020 11:35:19 GMT+0330 (Iran Standard Time)",335
"178.132.84.1","Thu Dec 03 2020 11:35:19 GMT+0330 (Iran Standard Time)",152
"178.132.84.1","Thu Dec 03 2020 11:35:21 GMT+0330 (Iran Standard Time)",174
"178.132.84.1","Thu Dec 03 2020 11:35:22 GMT+0330 (Iran Standard Time)",195
"178.132.84.1","Thu Dec 03 2020 11:35:23 GMT+0330 (Iran Standard Time)",229
"178.132.84.1","Thu Dec 03 2020 11:35:24 GMT+0330 (Iran Standard Time)",242
"178.132.84.1","Thu Dec 03 2020 11:35:25 GMT+0330 (Iran Standard Time)",264
"178.132.84.1","Thu Dec 03 2020 11:35:26 GMT+0330 (Iran Standard Time)",288
"178.132.84.1","Thu Dec 03 2020 11:35:26 GMT+0330 (Iran Standard Time)",137
"178.132.84.1","Thu Dec 03 2020 11:35:28 GMT+0330 (Iran Standard Time)",332
"178.132.84.1","Thu Dec 03 2020 11:35:29 GMT+0330 (Iran Standard Time)",147
"178.132.84.1","Thu Dec 03 2020 11:35:30 GMT+0330 (Iran Standard Time)",173
"178.132.84.1","Thu Dec 03 2020 11:35:31 GMT+0330 (Iran Standard Time)",197
"178.132.84.1","Thu Dec 03 2020 11:35:32 GMT+0330 (Iran Standard Time)",215
"178.132.84.1","Thu Dec 03 2020 11:35:33 GMT+0330 (Iran Standard Time)",240
"178.132.84.1","Thu Dec 03 2020 11:35:33 GMT+0330 (Iran Standard Time)",136
"178.132.84.1","Thu Dec 03 2020 11:35:35 GMT+0330 (Iran Standard Time)",279
"178.132.84.1","Thu Dec 03 2020 11:35:36 GMT+0330 (Iran Standard Time)",316
"178.132.84.1","Thu Dec 03 2020 11:35:38 GMT+0330 (Iran Standard Time)",146
"178.132.84.1","Thu Dec 03 2020 11:35:39 GMT+0330 (Iran Standard Time)",166
"178.132.84.1","Thu Dec 03 2020 11:35:40 GMT+0330 (Iran Standard Time)",191
"178.132.84.1","Thu Dec 03 2020 11:35:41 GMT+0330 (Iran Standard Time)",224
"178.132.84.1","Thu Dec 03 2020 11:35:42 GMT+0330 (Iran Standard Time)",242
"178.132.84.1","Thu Dec 03 2020 11:35:43 GMT+0330 (Iran Standard Time)",258
"178.132.84.1","Thu Dec 03 2020 11:35:44 GMT+0330 (Iran Standard Time)",136
"178.132.84.1","Thu Dec 03 2020 11:35:45 GMT+0330 (Iran Standard Time)",314
"178.132.84.1","Thu Dec 03 2020 11:35:46 GMT+0330 (Iran Standard Time)",330
"178.132.84.1","Thu Dec 03 2020 11:35:47 GMT+0330 (Iran Standard Time)",137
"178.132.84.1","Thu Dec 03 2020 11:35:48 GMT+0330 (Iran Standard Time)",179
"178.132.84.1","Thu Dec 03 2020 11:35:49 GMT+0330 (Iran Standard Time)",201
"178.132.84.1","Thu Dec 03 2020 11:35:50 GMT+0330 (Iran Standard Time)",136
"178.132.84.1","Thu Dec 03 2020 11:35:51 GMT+0330 (Iran Standard Time)",137
"178.132.84.1","Thu Dec 03 2020 11:35:52 GMT+0330 (Iran Standard Time)",144
"178.132.84.1","Thu Dec 03 2020 11:35:53 GMT+0330 (Iran Standard Time)",289
"178.132.84.1","Thu Dec 03 2020 11:35:54 GMT+0330 (Iran Standard Time)",316
"178.132.84.1","Thu Dec 03 2020 11:35:55 GMT+0330 (Iran Standard Time)",328
"178.132.84.1","Thu Dec 03 2020 11:35:56 GMT+0330 (Iran Standard Time)",155
"178.132.84.1","Thu Dec 03 2020 11:35:57 GMT+0330 (Iran Standard Time)",168
"178.132.84.1","Thu Dec 03 2020 11:35:58 GMT+0330 (Iran Standard Time)",190
"178.132.84.1","Thu Dec 03 2020 11:35:59 GMT+0330 (Iran Standard Time)",209
"178.132.84.1","Thu Dec 03 2020 11:36:00 GMT+0330 (Iran Standard Time)",239
"178.132.84.1","Thu Dec 03 2020 11:38:18 GMT+0330 (Iran Standard Time)",195
"178.132.84.1","Thu Dec 03 2020 11:38:19 GMT+0330 (Iran Standard Time)",138
"178.132.84.1","Thu Dec 03 2020 11:44:20 GMT+0330 (Iran Standard Time)",137
"178.132.84.1","Thu Dec 03 2020 11:44:21 GMT+0330 (Iran Standard Time)",181
"178.132.84.1","Thu Dec 03 2020 11:44:22 GMT+0330 (Iran Standard Time)",193
"178.132.84.1","Thu Dec 03 2020 11:44:23 GMT+0330 (Iran Standard Time)",137
"178.132.84.1","Thu Dec 03 2020 11:44:24 GMT+0330 (Iran Standard Time)",137
"178.132.84.1","Thu Dec 03 2020 11:44:24 GMT+0330 (Iran Standard Time)",137
"178.132.84.1","Thu Dec 03 2020 11:44:25 GMT+0330 (Iran Standard Time)",136
"178.132.84.1","Thu Dec 03 2020 11:44:25 GMT+0330 (Iran Standard Time)",137
"178.132.84.1","Thu Dec 03 2020 11:44:26 GMT+0330 (Iran Standard Time)",136
"178.132.84.1","Thu Dec 03 2020 11:44:26 GMT+0330 (Iran Standard Time)",137
"178.132.84.1","Thu Dec 03 2020 11:44:27 GMT+0330 (Iran Standard Time)",136
"178.132.84.1","Thu Dec 03 2020 11:44:27 GMT+0330 (Iran Standard Time)",136
"178.132.84.1","Thu Dec 03 2020 11:44:28 GMT+0330 (Iran Standard Time)",138
"178.132.84.1","Thu Dec 03 2020 11:44:28 GMT+0330 (Iran Standard Time)",144
"178.132.84.1","Thu Dec 03 2020 11:44:29 GMT+0330 (Iran Standard Time)",139
"178.132.84.1","Thu Dec 03 2020 11:44:29 GMT+0330 (Iran Standard Time)",135
"178.132.84.1","Thu Dec 03 2020 11:44:30 GMT+0330 (Iran Standard Time)",137
"178.132.84.1","Thu Dec 03 2020 11:44:30 GMT+0330 (Iran Standard Time)",136
"178.132.84.1","Thu Dec 03 2020 11:44:31 GMT+0330 (Iran Standard Time)",136
"178.132.84.1","Thu Dec 03 2020 11:44:31 GMT+0330 (Iran Standard Time)",138
"178.132.84.1","Thu Dec 03 2020 11:44:32 GMT+0330 (Iran Standard Time)",142
"178.132.84.1","Thu Dec 03 2020 11:44:32 GMT+0330 (Iran Standard Time)",138
"178.132.84.1","Thu Dec 03 2020 11:44:33 GMT+0330 (Iran Standard Time)",137
"178.132.84.1","Thu Dec 03 2020 11:44:33 GMT+0330 (Iran Standard Time)",136
"178.132.84.1","Thu Dec 03 2020 11:44:34 GMT+0330 (Iran Standard Time)",136
"178.132.84.1","Thu Dec 03 2020 11:44:34 GMT+0330 (Iran Standard Time)",136
"178.132.84.1","Thu Dec 03 2020 11:44:35 GMT+0330 (Iran Standard Time)",136
"178.132.84.1","Thu Dec 03 2020 11:44:35 GMT+0330 (Iran Standard Time)",137
"178.132.84.1","Thu Dec 03 2020 11:44:36 GMT+0330 (Iran Standard Time)",138
"178.132.84.1","Thu Dec 03 2020 11:44:36 GMT+0330 (Iran Standard Time)",136
"178.132.84.1","Thu Dec 03 2020 11:44:37 GMT+0330 (Iran Standard Time)",138
"178.132.84.1","Thu Dec 03 2020 11:44:37 GMT+0330 (Iran Standard Time)",137
"178.132.84.1","Thu Dec 03 2020 11:44:38 GMT+0330 (Iran Standard Time)",137
"178.132.84.1","Thu Dec 03 2020 11:44:38 GMT+0330 (Iran Standard Time)",136
"178.132.84.1","Thu Dec 03 2020 11:44:39 GMT+0330 (Iran Standard Time)",136
"178.132.84.1","Thu Dec 03 2020 11:44:39 GMT+0330 (Iran Standard Time)",137
"178.132.84.1","Thu Dec 03 2020 11:44:40 GMT+0330 (Iran Standard Time)",138
"178.132.84.1","Thu Dec 03 2020 11:44:40 GMT+0330 (Iran Standard Time)",138
"178.132.84.1","Thu Dec 03 2020 11:44:41 GMT+0330 (Iran Standard Time)",137
"178.132.84.1","Thu Dec 03 2020 11:44:41 GMT+0330 (Iran Standard Time)",137
"178.132.84.1","Thu Dec 03 2020 11:44:42 GMT+0330 (Iran Standard Time)",144
"178.132.84.1","Thu Dec 03 2020 11:44:42 GMT+0330 (Iran Standard Time)",136
"178.132.84.1","Thu Dec 03 2020 11:44:43 GMT+0330 (Iran Standard Time)",137
"178.132.84.1","Thu Dec 03 2020 11:44:43 GMT+0330 (Iran Standard Time)",140
"178.132.84.1","Thu Dec 03 2020 11:45:16 GMT+0330 (Iran Standard Time)",180
"178.132.84.1","Thu Dec 03 2020 11:45:17 GMT+0330 (Iran Standard Time)",211
"178.132.84.1","Thu Dec 03 2020 11:45:18 GMT+0330 (Iran Standard Time)",241
"178.132.84.1","Thu Dec 03 2020 11:45:19 GMT+0330 (Iran Standard Time)",136
"178.132.84.1","Thu Dec 03 2020 12:00:08 GMT+0330 (Iran Standard Time)",200
"178.132.84.1","Thu Dec 03 2020 12:00:09 GMT+0330 (Iran Standard Time)",241
"178.132.84.1","Thu Dec 03 2020 12:02:54 GMT+0330 (Iran Standard Time)",343
"178.132.84.1","Thu Dec 03 2020 12:02:54 GMT+0330 (Iran Standard Time)",159
"178.132.84.1","Thu Dec 03 2020 12:02:55 GMT+0330 (Iran Standard Time)",179
"178.132.84.1","Thu Dec 03 2020 12:02:57 GMT+0330 (Iran Standard Time)",217
"178.132.84.1","Thu Dec 03 2020 12:02:58 GMT+0330 (Iran Standard Time)",227
"178.132.84.1","Thu Dec 03 2020 12:02:59 GMT+0330 (Iran Standard Time)",256
"178.132.84.1","Thu Dec 03 2020 12:03:00 GMT+0330 (Iran Standard Time)",284
"178.132.84.1","Thu Dec 03 2020 12:03:00 GMT+0330 (Iran Standard Time)",284
"178.132.84.1","Thu Dec 03 2020 12:03:01 GMT+0330 (Iran Standard Time)",308
"178.132.84.1","Thu Dec 03 2020 12:03:02 GMT+0330 (Iran Standard Time)",321
"178.132.84.1","Thu Dec 03 2020 12:03:03 GMT+0330 (Iran Standard Time)",350
"178.132.84.1","Thu Dec 03 2020 12:03:03 GMT+0330 (Iran Standard Time)",163
"178.132.84.1","Thu Dec 03 2020 12:03:05 GMT+0330 (Iran Standard Time)",201
"178.132.84.1","Thu Dec 03 2020 12:03:06 GMT+0330 (Iran Standard Time)",219
"178.132.84.1","Thu Dec 03 2020 12:03:07 GMT+0330 (Iran Standard Time)",240
"178.132.84.1","Thu Dec 03 2020 12:03:07 GMT+0330 (Iran Standard Time)",137
"178.132.84.1","Thu Dec 03 2020 12:03:09 GMT+0330 (Iran Standard Time)",284
"178.132.84.1","Thu Dec 03 2020 12:03:10 GMT+0330 (Iran Standard Time)",304
"178.132.84.1","Thu Dec 03 2020 12:03:11 GMT+0330 (Iran Standard Time)",342
"178.132.84.1","Thu Dec 03 2020 12:03:26 GMT+0330 (Iran Standard Time)",228
"178.132.84.1","Thu Dec 03 2020 12:03:27 GMT+0330 (Iran Standard Time)",236
"178.132.84.1","Thu Dec 03 2020 12:03:28 GMT+0330 (Iran Standard Time)",272
"178.132.84.1","Thu Dec 03 2020 12:03:29 GMT+0330 (Iran Standard Time)",287
"178.132.84.1","Thu Dec 03 2020 12:03:30 GMT+0330 (Iran Standard Time)",315
"178.132.84.1","Thu Dec 03 2020 12:03:31 GMT+0330 (Iran Standard Time)",328
"178.132.84.1","Thu Dec 03 2020 12:03:32 GMT+0330 (Iran Standard Time)",149
"178.132.84.1","Thu Dec 03 2020 12:03:33 GMT+0330 (Iran Standard Time)",173
"178.132.84.1","Thu Dec 03 2020 12:03:34 GMT+0330 (Iran Standard Time)",196
"178.132.84.1","Thu Dec 03 2020 12:03:35 GMT+0330 (Iran Standard Time)",219
"178.132.84.1","Thu Dec 03 2020 12:03:36 GMT+0330 (Iran Standard Time)",136
"178.132.84.1","Thu Dec 03 2020 12:03:37 GMT+0330 (Iran Standard Time)",137
"178.132.84.1","Thu Dec 03 2020 12:03:40 GMT+0330 (Iran Standard Time)",263
"178.132.84.1","Thu Dec 03 2020 12:03:41 GMT+0330 (Iran Standard Time)",279
"178.132.84.1","Thu Dec 03 2020 12:03:45 GMT+0330 (Iran Standard Time)",270
"178.132.84.1","Thu Dec 03 2020 12:03:45 GMT+0330 (Iran Standard Time)",270
"178.132.84.1","Thu Dec 03 2020 12:03:46 GMT+0330 (Iran Standard Time)",185
"178.132.84.1","Thu Dec 03 2020 12:03:47 GMT+0330 (Iran Standard Time)",323
"178.132.84.1","Thu Dec 03 2020 12:03:47 GMT+0330 (Iran Standard Time)",137
"178.132.84.1","Thu Dec 03 2020 12:03:49 GMT+0330 (Iran Standard Time)",138
"178.132.84.1","Thu Dec 03 2020 12:03:51 GMT+0330 (Iran Standard Time)",209
"178.132.84.1","Thu Dec 03 2020 12:03:52 GMT+0330 (Iran Standard Time)",237
"178.132.84.1","Thu Dec 03 2020 12:03:53 GMT+0330 (Iran Standard Time)",259
"178.132.84.1","Thu Dec 03 2020 12:03:54 GMT+0330 (Iran Standard Time)",282
"178.132.84.1","Thu Dec 03 2020 12:03:55 GMT+0330 (Iran Standard Time)",305
"178.132.84.1","Thu Dec 03 2020 12:03:56 GMT+0330 (Iran Standard Time)",328
"178.132.84.1","Thu Dec 03 2020 12:03:57 GMT+0330 (Iran Standard Time)",301
"178.132.84.1","Thu Dec 03 2020 12:03:58 GMT+0330 (Iran Standard Time)",184
"178.132.84.1","Thu Dec 03 2020 12:03:59 GMT+0330 (Iran Standard Time)",200
"178.132.84.1","Thu Dec 03 2020 12:04:35 GMT+0330 (Iran Standard Time)",136
"178.132.84.1","Thu Dec 03 2020 12:04:36 GMT+0330 (Iran Standard Time)",259
"178.132.84.1","Thu Dec 03 2020 12:04:37 GMT+0330 (Iran Standard Time)",193
"178.132.84.1","Thu Dec 03 2020 12:04:38 GMT+0330 (Iran Standard Time)",246
"178.132.84.1","Thu Dec 03 2020 12:04:39 GMT+0330 (Iran Standard Time)",195
"178.132.84.1","Thu Dec 03 2020 12:06:06 GMT+0330 (Iran Standard Time)",137
"178.132.84.1","Thu Dec 03 2020 12:06:07 GMT+0330 (Iran Standard Time)",136
"178.132.84.1","Thu Dec 03 2020 12:06:08 GMT+0330 (Iran Standard Time)",136
"178.132.84.1","Thu Dec 03 2020 12:06:14 GMT+0330 (Iran Standard Time)",136
"178.132.84.1","Thu Dec 03 2020 12:06:16 GMT+0330 (Iran Standard Time)",160
"178.132.84.1","Thu Dec 03 2020 12:06:17 GMT+0330 (Iran Standard Time)",136
"178.132.84.1","Thu Dec 03 2020 12:06:18 GMT+0330 (Iran Standard Time)",138
"178.132.84.1","Thu Dec 03 2020 12:06:19 GMT+0330 (Iran Standard Time)",166
"178.132.84.1","Thu Dec 03 2020 12:06:20 GMT+0330 (Iran Standard Time)",184
"178.132.84.1","Thu Dec 03 2020 12:06:22 GMT+0330 (Iran Standard Time)",224
"178.132.84.1","Thu Dec 03 2020 12:06:23 GMT+0330 (Iran Standard Time)",260
"178.132.84.1","Thu Dec 03 2020 12:06:24 GMT+0330 (Iran Standard Time)",286
"178.132.84.1","Thu Dec 03 2020 12:06:25 GMT+0330 (Iran Standard Time)",297
"178.132.84.1","Thu Dec 03 2020 12:06:25 GMT+0330 (Iran Standard Time)",297
"178.132.84.1","Thu Dec 03 2020 12:06:27 GMT+0330 (Iran Standard Time)",337
"178.132.84.1","Thu Dec 03 2020 12:06:28 GMT+0330 (Iran Standard Time)",160
"178.132.84.1","Thu Dec 03 2020 12:06:29 GMT+0330 (Iran Standard Time)",189
"178.132.84.1","Thu Dec 03 2020 12:06:30 GMT+0330 (Iran Standard Time)",156
"178.132.84.1","Thu Dec 03 2020 12:06:31 GMT+0330 (Iran Standard Time)",234
"178.132.84.1","Thu Dec 03 2020 12:06:33 GMT+0330 (Iran Standard Time)",270
"178.132.84.1","Thu Dec 03 2020 12:06:33 GMT+0330 (Iran Standard Time)",270
"178.132.84.1","Thu Dec 03 2020 12:06:35 GMT+0330 (Iran Standard Time)",326
"178.132.84.1","Thu Dec 03 2020 12:06:35 GMT+0330 (Iran Standard Time)",326
"178.132.84.1","Thu Dec 03 2020 12:06:37 GMT+0330 (Iran Standard Time)",176
"178.132.84.1","Thu Dec 03 2020 12:06:37 GMT+0330 (Iran Standard Time)",176
"178.132.84.1","Thu Dec 03 2020 12:06:38 GMT+0330 (Iran Standard Time)",186
"178.132.84.1","Thu Dec 03 2020 12:06:39 GMT+0330 (Iran Standard Time)",212
"178.132.84.1","Thu Dec 03 2020 12:06:42 GMT+0330 (Iran Standard Time)",285
"178.132.84.1","Thu Dec 03 2020 12:06:43 GMT+0330 (Iran Standard Time)",140
"178.132.84.1","Thu Dec 03 2020 12:06:44 GMT+0330 (Iran Standard Time)",137
"178.132.84.1","Thu Dec 03 2020 12:06:45 GMT+0330 (Iran Standard Time)",148
"178.132.84.1","Thu Dec 03 2020 12:06:45 GMT+0330 (Iran Standard Time)",148
"178.132.84.1","Thu Dec 03 2020 12:06:46 GMT+0330 (Iran Standard Time)",178
"178.132.84.1","Thu Dec 03 2020 12:06:46 GMT+0330 (Iran Standard Time)",178
"178.132.84.1","Thu Dec 03 2020 12:06:48 GMT+0330 (Iran Standard Time)",137
"178.132.84.1","Thu Dec 03 2020 12:06:49 GMT+0330 (Iran Standard Time)",248
"178.132.84.1","Thu Dec 03 2020 12:06:49 GMT+0330 (Iran Standard Time)",248
"178.132.84.1","Thu Dec 03 2020 12:06:51 GMT+0330 (Iran Standard Time)",285
"178.132.84.1","Thu Dec 03 2020 12:06:52 GMT+0330 (Iran Standard Time)",137
"178.132.84.1","Thu Dec 03 2020 12:06:54 GMT+0330 (Iran Standard Time)",212
"178.132.84.1","Thu Dec 03 2020 12:06:56 GMT+0330 (Iran Standard Time)",276
"178.132.84.1","Thu Dec 03 2020 12:06:56 GMT+0330 (Iran Standard Time)",276
"178.132.84.1","Thu Dec 03 2020 12:06:57 GMT+0330 (Iran Standard Time)",285
"178.132.84.1","Thu Dec 03 2020 12:06:57 GMT+0330 (Iran Standard Time)",285
"178.132.84.1","Thu Dec 03 2020 12:06:58 GMT+0330 (Iran Standard Time)",136
"178.132.84.1","Thu Dec 03 2020 12:06:59 GMT+0330 (Iran Standard Time)",331
"178.132.84.1","Thu Dec 03 2020 12:07:03 GMT+0330 (Iran Standard Time)",137
"178.132.84.1","Thu Dec 03 2020 12:07:04 GMT+0330 (Iran Standard Time)",208
"178.132.84.1","Thu Dec 03 2020 12:07:05 GMT+0330 (Iran Standard Time)",136
"178.132.84.1","Thu Dec 03 2020 12:07:06 GMT+0330 (Iran Standard Time)",188
"178.132.84.1","Thu Dec 03 2020 12:07:07 GMT+0330 (Iran Standard Time)",136
"178.132.84.1","Thu Dec 03 2020 12:07:10 GMT+0330 (Iran Standard Time)",149
"178.132.84.1","Thu Dec 03 2020 12:07:11 GMT+0330 (Iran Standard Time)",140
"178.132.84.1","Thu Dec 03 2020 12:07:12 GMT+0330 (Iran Standard Time)",180
"178.132.84.1","Thu Dec 03 2020 12:07:13 GMT+0330 (Iran Standard Time)",137
"178.132.84.1","Thu Dec 03 2020 12:07:14 GMT+0330 (Iran Standard Time)",139
"178.132.84.1","Thu Dec 03 2020 12:07:15 GMT+0330 (Iran Standard Time)",138
"178.132.84.1","Thu Dec 03 2020 12:07:16 GMT+0330 (Iran Standard Time)",142
"178.132.84.1","Thu Dec 03 2020 12:07:17 GMT+0330 (Iran Standard Time)",136
"178.132.84.1","Thu Dec 03 2020 12:07:18 GMT+0330 (Iran Standard Time)",181
"178.132.84.1","Thu Dec 03 2020 12:07:19 GMT+0330 (Iran Standard Time)",204
"178.132.84.1","Thu Dec 03 2020 12:07:20 GMT+0330 (Iran Standard Time)",228
"178.132.84.1","Thu Dec 03 2020 12:07:21 GMT+0330 (Iran Standard Time)",136
"178.132.84.1","Thu Dec 03 2020 12:07:22 GMT+0330 (Iran Standard Time)",137
"178.132.84.1","Thu Dec 03 2020 12:07:26 GMT+0330 (Iran Standard Time)",225
"178.132.84.1","Thu Dec 03 2020 12:07:26 GMT+0330 (Iran Standard Time)",225
"178.132.84.1","Thu Dec 03 2020 12:07:27 GMT+0330 (Iran Standard Time)",246
"178.132.84.1","Thu Dec 03 2020 12:07:29 GMT+0330 (Iran Standard Time)",298
"178.132.84.1","Thu Dec 03 2020 12:07:30 GMT+0330 (Iran Standard Time)",322
"178.132.84.1","Thu Dec 03 2020 12:07:31 GMT+0330 (Iran Standard Time)",136
"178.132.84.1","Thu Dec 03 2020 12:07:33 GMT+0330 (Iran Standard Time)",182
"178.132.84.1","Thu Dec 03 2020 12:07:34 GMT+0330 (Iran Standard Time)",211
"178.132.84.1","Thu Dec 03 2020 12:07:36 GMT+0330 (Iran Standard Time)",138
"178.132.84.1","Thu Dec 03 2020 12:07:37 GMT+0330 (Iran Standard Time)",136
"178.132.84.1","Thu Dec 03 2020 12:07:38 GMT+0330 (Iran Standard Time)",137
"178.132.84.1","Thu Dec 03 2020 12:07:39 GMT+0330 (Iran Standard Time)",338
"178.132.84.1","Thu Dec 03 2020 12:07:40 GMT+0330 (Iran Standard Time)",136
"178.132.84.1","Thu Dec 03 2020 12:07:41 GMT+0330 (Iran Standard Time)",176
"178.132.84.1","Thu Dec 03 2020 12:07:41 GMT+0330 (Iran Standard Time)",176
"178.132.84.1","Thu Dec 03 2020 12:07:42 GMT+0330 (Iran Standard Time)",197
"178.132.84.1","Thu Dec 03 2020 12:07:43 GMT+0330 (Iran Standard Time)",174
"178.132.84.1","Thu Dec 03 2020 12:07:44 GMT+0330 (Iran Standard Time)",233
"178.132.84.1","Thu Dec 03 2020 12:07:45 GMT+0330 (Iran Standard Time)",255
"178.132.84.1","Thu Dec 03 2020 12:07:45 GMT+0330 (Iran Standard Time)",255
"178.132.84.1","Thu Dec 03 2020 12:07:46 GMT+0330 (Iran Standard Time)",292
"178.132.84.1","Thu Dec 03 2020 12:07:47 GMT+0330 (Iran Standard Time)",315
"178.132.84.1","Thu Dec 03 2020 12:07:48 GMT+0330 (Iran Standard Time)",328
"178.132.84.1","Thu Dec 03 2020 12:07:48 GMT+0330 (Iran Standard Time)",328
"178.132.84.1","Thu Dec 03 2020 12:07:49 GMT+0330 (Iran Standard Time)",148
"178.132.84.1","Thu Dec 03 2020 12:07:49 GMT+0330 (Iran Standard Time)",148
"178.132.84.1","Thu Dec 03 2020 12:07:50 GMT+0330 (Iran Standard Time)",172
"178.132.84.1","Thu Dec 03 2020 12:07:51 GMT+0330 (Iran Standard Time)",194
"178.132.84.1","Thu Dec 03 2020 12:07:51 GMT+0330 (Iran Standard Time)",194
"178.132.84.1","Thu Dec 03 2020 12:07:52 GMT+0330 (Iran Standard Time)",192
"178.132.84.1","Thu Dec 03 2020 12:07:52 GMT+0330 (Iran Standard Time)",192
"178.132.84.1","Thu Dec 03 2020 12:07:52 GMT+0330 (Iran Standard Time)",192
"178.132.84.1","Thu Dec 03 2020 12:07:53 GMT+0330 (Iran Standard Time)",136
"178.132.84.1","Thu Dec 03 2020 12:07:54 GMT+0330 (Iran Standard Time)",136
"178.132.84.1","Thu Dec 03 2020 12:07:56 GMT+0330 (Iran Standard Time)",138
"178.132.84.1","Thu Dec 03 2020 12:07:57 GMT+0330 (Iran Standard Time)",136
"178.132.84.1","Thu Dec 03 2020 12:07:58 GMT+0330 (Iran Standard Time)",136
"178.132.84.1","Thu Dec 03 2020 12:07:59 GMT+0330 (Iran Standard Time)",137
"178.132.84.1","Thu Dec 03 2020 12:08:00 GMT+0330 (Iran Standard Time)",192
"178.132.84.1","Thu Dec 03 2020 12:08:00 GMT+0330 (Iran Standard Time)",192
"178.132.84.1","Thu Dec 03 2020 12:08:01 GMT+0330 (Iran Standard Time)",163
"178.132.84.1","Thu Dec 03 2020 12:08:02 GMT+0330 (Iran Standard Time)",139
"178.132.84.1","Thu Dec 03 2020 12:08:03 GMT+0330 (Iran Standard Time)",266
"178.132.84.1","Thu Dec 03 2020 12:08:03 GMT+0330 (Iran Standard Time)",266
"178.132.84.1","Thu Dec 03 2020 12:08:04 GMT+0330 (Iran Standard Time)",294
"178.132.84.1","Thu Dec 03 2020 12:08:07 GMT+0330 (Iran Standard Time)",183
"178.132.84.1","Thu Dec 03 2020 12:08:08 GMT+0330 (Iran Standard Time)",219
"178.132.84.1","Thu Dec 03 2020 12:08:09 GMT+0330 (Iran Standard Time)",231
"178.132.84.1","Thu Dec 03 2020 12:08:14 GMT+0330 (Iran Standard Time)",321
"178.132.84.1","Thu Dec 03 2020 12:08:15 GMT+0330 (Iran Standard Time)",334
"178.132.84.1","Thu Dec 03 2020 12:08:15 GMT+0330 (Iran Standard Time)",161
"178.132.84.1","Thu Dec 03 2020 12:08:16 GMT+0330 (Iran Standard Time)",174
"178.132.84.1","Thu Dec 03 2020 12:08:18 GMT+0330 (Iran Standard Time)",136
"178.132.84.1","Thu Dec 03 2020 12:08:21 GMT+0330 (Iran Standard Time)",267
"178.132.84.1","Thu Dec 03 2020 12:08:21 GMT+0330 (Iran Standard Time)",160
"178.132.84.1","Thu Dec 03 2020 12:08:21 GMT+0330 (Iran Standard Time)",160
"178.132.84.1","Thu Dec 03 2020 12:08:22 GMT+0330 (Iran Standard Time)",136
"178.132.84.1","Thu Dec 03 2020 12:08:24 GMT+0330 (Iran Standard Time)",348
"178.132.84.1","Thu Dec 03 2020 12:08:24 GMT+0330 (Iran Standard Time)",348
"178.132.84.1","Thu Dec 03 2020 12:08:24 GMT+0330 (Iran Standard Time)",154
"178.132.84.1","Thu Dec 03 2020 12:08:25 GMT+0330 (Iran Standard Time)",188
"178.132.84.1","Thu Dec 03 2020 12:08:25 GMT+0330 (Iran Standard Time)",188
"178.132.84.1","Thu Dec 03 2020 12:08:26 GMT+0330 (Iran Standard Time)",210
"178.132.84.1","Thu Dec 03 2020 12:08:31 GMT+0330 (Iran Standard Time)",235
"178.132.84.1","Thu Dec 03 2020 12:08:31 GMT+0330 (Iran Standard Time)",235
"178.132.84.1","Thu Dec 03 2020 12:08:32 GMT+0330 (Iran Standard Time)",249
"178.132.84.1","Thu Dec 03 2020 12:08:33 GMT+0330 (Iran Standard Time)",264
"178.132.84.1","Thu Dec 03 2020 12:08:34 GMT+0330 (Iran Standard Time)",297
"178.132.84.1","Thu Dec 03 2020 12:08:35 GMT+0330 (Iran Standard Time)",135
"178.132.84.1","Thu Dec 03 2020 12:08:36 GMT+0330 (Iran Standard Time)",362
"178.132.84.1","Thu Dec 03 2020 12:08:37 GMT+0330 (Iran Standard Time)",136
"178.132.84.1","Thu Dec 03 2020 12:08:38 GMT+0330 (Iran Standard Time)",181
"178.132.84.1","Thu Dec 03 2020 12:08:39 GMT+0330 (Iran Standard Time)",205
"178.132.84.1","Thu Dec 03 2020 12:08:40 GMT+0330 (Iran Standard Time)",227
"178.132.84.1","Thu Dec 03 2020 12:08:40 GMT+0330 (Iran Standard Time)",227
"178.132.84.1","Thu Dec 03 2020 12:08:41 GMT+0330 (Iran Standard Time)",137
"178.132.84.1","Thu Dec 03 2020 12:08:42 GMT+0330 (Iran Standard Time)",136
"178.132.84.1","Thu Dec 03 2020 12:08:43 GMT+0330 (Iran Standard Time)",296
"178.132.84.1","Thu Dec 03 2020 12:08:44 GMT+0330 (Iran Standard Time)",318
"178.132.84.1","Thu Dec 03 2020 12:08:44 GMT+0330 (Iran Standard Time)",318
"178.132.84.1","Thu Dec 03 2020 12:08:45 GMT+0330 (Iran Standard Time)",298
"178.132.84.1","Thu Dec 03 2020 12:08:45 GMT+0330 (Iran Standard Time)",298
"178.132.84.1","Thu Dec 03 2020 12:08:46 GMT+0330 (Iran Standard Time)",162
"178.132.84.1","Thu Dec 03 2020 12:08:47 GMT+0330 (Iran Standard Time)",184
"178.132.84.1","Thu Dec 03 2020 12:08:48 GMT+0330 (Iran Standard Time)",206
"178.132.84.1","Thu Dec 03 2020 12:08:52 GMT+0330 (Iran Standard Time)",136
"178.132.84.1","Thu Dec 03 2020 12:08:53 GMT+0330 (Iran Standard Time)",322
"178.132.84.1","Thu Dec 03 2020 12:08:54 GMT+0330 (Iran Standard Time)",142
"178.132.84.1","Thu Dec 03 2020 12:08:55 GMT+0330 (Iran Standard Time)",234
"178.132.84.1","Thu Dec 03 2020 12:08:57 GMT+0330 (Iran Standard Time)",274
"178.132.84.1","Thu Dec 03 2020 12:08:59 GMT+0330 (Iran Standard Time)",267
"178.132.84.1","Thu Dec 03 2020 12:09:00 GMT+0330 (Iran Standard Time)",286
"178.132.84.1","Thu Dec 03 2020 12:09:01 GMT+0330 (Iran Standard Time)",319
"178.132.84.1","Thu Dec 03 2020 12:09:01 GMT+0330 (Iran Standard Time)",319
"178.132.84.1","Thu Dec 03 2020 12:09:01 GMT+0330 (Iran Standard Time)",319
"178.132.84.1","Thu Dec 03 2020 12:09:04 GMT+0330 (Iran Standard Time)",168
"178.132.84.1","Thu Dec 03 2020 12:09:05 GMT+0330 (Iran Standard Time)",138
"178.132.84.1","Thu Dec 03 2020 12:09:06 GMT+0330 (Iran Standard Time)",221
"178.132.84.1","Thu Dec 03 2020 12:09:06 GMT+0330 (Iran Standard Time)",221
"178.132.84.1","Thu Dec 03 2020 12:09:07 GMT+0330 (Iran Standard Time)",135
"178.132.84.1","Thu Dec 03 2020 12:09:08 GMT+0330 (Iran Standard Time)",136
"178.132.84.1","Thu Dec 03 2020 12:09:09 GMT+0330 (Iran Standard Time)",136
"178.132.84.1","Thu Dec 03 2020 12:09:12 GMT+0330 (Iran Standard Time)",148
"178.132.84.1","Thu Dec 03 2020 12:09:13 GMT+0330 (Iran Standard Time)",136
"178.132.84.1","Thu Dec 03 2020 12:09:14 GMT+0330 (Iran Standard Time)",201
"178.132.84.1","Thu Dec 03 2020 12:09:15 GMT+0330 (Iran Standard Time)",219
"178.132.84.1","Thu Dec 03 2020 12:09:16 GMT+0330 (Iran Standard Time)",136
"178.132.84.1","Thu Dec 03 2020 12:09:17 GMT+0330 (Iran Standard Time)",355
"178.132.84.1","Thu Dec 03 2020 12:09:20 GMT+0330 (Iran Standard Time)",145
"178.132.84.1","Thu Dec 03 2020 12:09:20 GMT+0330 (Iran Standard Time)",145
"178.132.84.1","Thu Dec 03 2020 12:09:20 GMT+0330 (Iran Standard Time)",145
"178.132.84.1","Thu Dec 03 2020 12:09:21 GMT+0330 (Iran Standard Time)",157
"178.132.84.1","Thu Dec 03 2020 12:09:22 GMT+0330 (Iran Standard Time)",136
"178.132.84.1","Thu Dec 03 2020 12:09:23 GMT+0330 (Iran Standard Time)",140
"178.132.84.1","Thu Dec 03 2020 12:09:25 GMT+0330 (Iran Standard Time)",246
"178.132.84.1","Thu Dec 03 2020 12:09:26 GMT+0330 (Iran Standard Time)",271
"178.132.84.1","Thu Dec 03 2020 12:09:26 GMT+0330 (Iran Standard Time)",271
"178.132.84.1","Thu Dec 03 2020 12:09:27 GMT+0330 (Iran Standard Time)",309
"178.132.84.1","Thu Dec 03 2020 12:09:27 GMT+0330 (Iran Standard Time)",309
"178.132.84.1","Thu Dec 03 2020 12:09:27 GMT+0330 (Iran Standard Time)",309
"178.132.84.1","Thu Dec 03 2020 12:09:43 GMT+0330 (Iran Standard Time)",294
"178.132.84.1","Thu Dec 03 2020 12:09:44 GMT+0330 (Iran Standard Time)",136
"178.132.84.1","Thu Dec 03 2020 12:09:45 GMT+0330 (Iran Standard Time)",343
"178.132.84.1","Thu Dec 03 2020 12:09:46 GMT+0330 (Iran Standard Time)",154
"178.132.84.1","Thu Dec 03 2020 12:09:47 GMT+0330 (Iran Standard Time)",175
"178.132.84.1","Thu Dec 03 2020 12:09:48 GMT+0330 (Iran Standard Time)",196
"178.132.84.1","Thu Dec 03 2020 12:09:49 GMT+0330 (Iran Standard Time)",219
"178.132.84.1","Thu Dec 03 2020 12:09:50 GMT+0330 (Iran Standard Time)",251
"178.132.84.1","Thu Dec 03 2020 12:09:51 GMT+0330 (Iran Standard Time)",274
"178.132.84.1","Thu Dec 03 2020 12:09:52 GMT+0330 (Iran Standard Time)",136
"178.132.84.1","Thu Dec 03 2020 12:09:53 GMT+0330 (Iran Standard Time)",313
"178.132.84.1","Thu Dec 03 2020 12:09:54 GMT+0330 (Iran Standard Time)",135
"178.132.84.1","Thu Dec 03 2020 12:09:55 GMT+0330 (Iran Standard Time)",158
"178.132.84.1","Thu Dec 03 2020 12:09:56 GMT+0330 (Iran Standard Time)",179
"178.132.84.1","Thu Dec 03 2020 12:09:57 GMT+0330 (Iran Standard Time)",209
"178.132.84.1","Thu Dec 03 2020 12:09:57 GMT+0330 (Iran Standard Time)",209
"178.132.84.1","Thu Dec 03 2020 12:09:58 GMT+0330 (Iran Standard Time)",224
"178.132.84.1","Thu Dec 03 2020 12:09:59 GMT+0330 (Iran Standard Time)",247
"178.132.84.1","Thu Dec 03 2020 12:10:00 GMT+0330 (Iran Standard Time)",270
"178.132.84.1","Thu Dec 03 2020 12:10:01 GMT+0330 (Iran Standard Time)",263
"178.132.84.1","Thu Dec 03 2020 12:10:02 GMT+0330 (Iran Standard Time)",323
"178.132.84.1","Thu Dec 03 2020 12:10:03 GMT+0330 (Iran Standard Time)",342
"178.132.84.1","Thu Dec 03 2020 12:10:04 GMT+0330 (Iran Standard Time)",157
"178.132.84.1","Thu Dec 03 2020 12:10:05 GMT+0330 (Iran Standard Time)",181
"178.132.84.1","Thu Dec 03 2020 12:10:06 GMT+0330 (Iran Standard Time)",212
"178.132.84.1","Thu Dec 03 2020 12:10:07 GMT+0330 (Iran Standard Time)",136
"178.132.84.1","Thu Dec 03 2020 12:10:08 GMT+0330 (Iran Standard Time)",136
"178.132.84.1","Thu Dec 03 2020 12:10:09 GMT+0330 (Iran Standard Time)",137
"178.132.84.1","Thu Dec 03 2020 12:10:10 GMT+0330 (Iran Standard Time)",136
"178.132.84.1","Thu Dec 03 2020 12:10:11 GMT+0330 (Iran Standard Time)",143
"178.132.84.1","Thu Dec 03 2020 12:10:12 GMT+0330 (Iran Standard Time)",143
"178.132.84.1","Thu Dec 03 2020 12:10:13 GMT+0330 (Iran Standard Time)",157
"178.132.84.1","Thu Dec 03 2020 12:10:14 GMT+0330 (Iran Standard Time)",190
"178.132.84.1","Thu Dec 03 2020 12:10:15 GMT+0330 (Iran Standard Time)",210
"178.132.84.1","Thu Dec 03 2020 12:10:16 GMT+0330 (Iran Standard Time)",235
"178.132.84.1","Thu Dec 03 2020 12:10:17 GMT+0330 (Iran Standard Time)",136
"178.132.84.1","Thu Dec 03 2020 12:10:18 GMT+0330 (Iran Standard Time)",274
"178.132.84.1","Thu Dec 03 2020 12:10:19 GMT+0330 (Iran Standard Time)",135
"178.132.84.1","Thu Dec 03 2020 12:10:20 GMT+0330 (Iran Standard Time)",329
"178.132.84.1","Thu Dec 03 2020 12:10:21 GMT+0330 (Iran Standard Time)",148
"178.132.84.1","Thu Dec 03 2020 12:10:22 GMT+0330 (Iran Standard Time)",172
"178.132.84.1","Thu Dec 03 2020 12:10:23 GMT+0330 (Iran Standard Time)",193
"178.132.84.1","Thu Dec 03 2020 12:10:24 GMT+0330 (Iran Standard Time)",188
"178.132.84.1","Thu Dec 03 2020 12:10:25 GMT+0330 (Iran Standard Time)",231
"178.132.84.1","Thu Dec 03 2020 12:10:26 GMT+0330 (Iran Standard Time)",254
"178.132.84.1","Thu Dec 03 2020 12:10:27 GMT+0330 (Iran Standard Time)",278
"178.132.84.1","Thu Dec 03 2020 12:10:28 GMT+0330 (Iran Standard Time)",296
"178.132.84.1","Thu Dec 03 2020 12:10:29 GMT+0330 (Iran Standard Time)",276
"178.132.84.1","Thu Dec 03 2020 12:10:29 GMT+0330 (Iran Standard Time)",276
"178.132.84.1","Thu Dec 03 2020 12:10:29 GMT+0330 (Iran Standard Time)",276
"178.132.84.1","Thu Dec 03 2020 12:10:30 GMT+0330 (Iran Standard Time)",141
"178.132.84.1","Thu Dec 03 2020 12:10:30 GMT+0330 (Iran Standard Time)",141
"178.132.84.1","Thu Dec 03 2020 12:10:31 GMT+0330 (Iran Standard Time)",173
"178.132.84.1","Thu Dec 03 2020 12:10:32 GMT+0330 (Iran Standard Time)",193
"178.132.84.1","Thu Dec 03 2020 12:10:33 GMT+0330 (Iran Standard Time)",221
"178.132.84.1","Thu Dec 03 2020 12:10:34 GMT+0330 (Iran Standard Time)",251
"178.132.84.1","Thu Dec 03 2020 12:10:35 GMT+0330 (Iran Standard Time)",261
"178.132.84.1","Thu Dec 03 2020 12:10:36 GMT+0330 (Iran Standard Time)",276
"178.132.84.1","Thu Dec 03 2020 12:10:37 GMT+0330 (Iran Standard Time)",137
"178.132.84.1","Thu Dec 03 2020 12:10:38 GMT+0330 (Iran Standard Time)",334
"178.132.84.1","Thu Dec 03 2020 12:10:39 GMT+0330 (Iran Standard Time)",152
"178.132.84.1","Thu Dec 03 2020 12:10:40 GMT+0330 (Iran Standard Time)",177
"178.132.84.1","Thu Dec 03 2020 12:10:41 GMT+0330 (Iran Standard Time)",189
"178.132.84.1","Thu Dec 03 2020 12:10:42 GMT+0330 (Iran Standard Time)",183
"178.132.84.1","Thu Dec 03 2020 12:10:43 GMT+0330 (Iran Standard Time)",250
"178.132.84.1","Thu Dec 03 2020 12:10:44 GMT+0330 (Iran Standard Time)",264
"178.132.84.1","Thu Dec 03 2020 12:10:45 GMT+0330 (Iran Standard Time)",286
"178.132.84.1","Thu Dec 03 2020 12:10:45 GMT+0330 (Iran Standard Time)",286
"178.132.84.1","Thu Dec 03 2020 12:10:46 GMT+0330 (Iran Standard Time)",309
"178.132.84.1","Thu Dec 03 2020 12:10:47 GMT+0330 (Iran Standard Time)",341
"178.132.84.1","Thu Dec 03 2020 12:10:48 GMT+0330 (Iran Standard Time)",136
"178.132.84.1","Thu Dec 03 2020 12:10:49 GMT+0330 (Iran Standard Time)",187
"178.132.84.1","Thu Dec 03 2020 12:10:50 GMT+0330 (Iran Standard Time)",194
"178.132.84.1","Thu Dec 03 2020 12:10:51 GMT+0330 (Iran Standard Time)",229
"178.132.84.1","Thu Dec 03 2020 12:10:52 GMT+0330 (Iran Standard Time)",142
"178.132.84.1","Thu Dec 03 2020 12:10:53 GMT+0330 (Iran Standard Time)",136
"178.132.84.1","Thu Dec 03 2020 12:10:54 GMT+0330 (Iran Standard Time)",297
"178.132.84.1","Thu Dec 03 2020 12:10:55 GMT+0330 (Iran Standard Time)",320
"178.132.84.1","Thu Dec 03 2020 12:10:56 GMT+0330 (Iran Standard Time)",339
"178.132.84.1","Thu Dec 03 2020 12:10:57 GMT+0330 (Iran Standard Time)",161
"178.132.84.1","Thu Dec 03 2020 12:10:58 GMT+0330 (Iran Standard Time)",186
"178.132.84.1","Thu Dec 03 2020 12:10:59 GMT+0330 (Iran Standard Time)",206
"178.132.84.1","Thu Dec 03 2020 12:11:00 GMT+0330 (Iran Standard Time)",228
"178.132.84.1","Thu Dec 03 2020 12:11:01 GMT+0330 (Iran Standard Time)",253
"178.132.84.1","Thu Dec 03 2020 12:11:02 GMT+0330 (Iran Standard Time)",278
"178.132.84.1","Thu Dec 03 2020 12:11:03 GMT+0330 (Iran Standard Time)",301
"178.132.84.1","Thu Dec 03 2020 12:11:04 GMT+0330 (Iran Standard Time)",137
"178.132.84.1","Thu Dec 03 2020 12:11:05 GMT+0330 (Iran Standard Time)",212
"178.132.84.1","Thu Dec 03 2020 12:11:06 GMT+0330 (Iran Standard Time)",168
"178.132.84.1","Thu Dec 03 2020 12:11:07 GMT+0330 (Iran Standard Time)",187
"178.132.84.1","Thu Dec 03 2020 12:11:07 GMT+0330 (Iran Standard Time)",187
"178.132.84.1","Thu Dec 03 2020 12:11:08 GMT+0330 (Iran Standard Time)",136
"178.132.84.1","Thu Dec 03 2020 12:11:09 GMT+0330 (Iran Standard Time)",224
"178.132.84.1","Thu Dec 03 2020 12:11:10 GMT+0330 (Iran Standard Time)",257
"178.132.84.1","Thu Dec 03 2020 12:11:11 GMT+0330 (Iran Standard Time)",283
"178.132.84.1","Thu Dec 03 2020 12:11:12 GMT+0330 (Iran Standard Time)",303
"178.132.84.1","Thu Dec 03 2020 12:11:13 GMT+0330 (Iran Standard Time)",326
"178.132.84.1","Thu Dec 03 2020 12:11:14 GMT+0330 (Iran Standard Time)",350
"178.132.84.1","Thu Dec 03 2020 12:11:15 GMT+0330 (Iran Standard Time)",167
"178.132.84.1","Thu Dec 03 2020 12:11:16 GMT+0330 (Iran Standard Time)",181
"178.132.84.1","Thu Dec 03 2020 12:11:17 GMT+0330 (Iran Standard Time)",210
"178.132.84.1","Thu Dec 03 2020 12:11:18 GMT+0330 (Iran Standard Time)",225
"178.132.84.1","Thu Dec 03 2020 12:11:19 GMT+0330 (Iran Standard Time)",253
"178.132.84.1","Thu Dec 03 2020 12:11:20 GMT+0330 (Iran Standard Time)",136
"178.132.84.1","Thu Dec 03 2020 12:11:21 GMT+0330 (Iran Standard Time)",295
"178.132.84.1","Thu Dec 03 2020 12:11:22 GMT+0330 (Iran Standard Time)",140
"178.132.84.1","Thu Dec 03 2020 12:11:23 GMT+0330 (Iran Standard Time)",136
"178.132.84.1","Thu Dec 03 2020 12:11:24 GMT+0330 (Iran Standard Time)",143
"178.132.84.1","Thu Dec 03 2020 12:11:25 GMT+0330 (Iran Standard Time)",188
"178.132.84.1","Thu Dec 03 2020 12:11:25 GMT+0330 (Iran Standard Time)",188
"178.132.84.1","Thu Dec 03 2020 12:11:26 GMT+0330 (Iran Standard Time)",215
"178.132.84.1","Thu Dec 03 2020 12:11:27 GMT+0330 (Iran Standard Time)",242
"178.132.84.1","Thu Dec 03 2020 12:11:28 GMT+0330 (Iran Standard Time)",259
"178.132.84.1","Thu Dec 03 2020 12:11:29 GMT+0330 (Iran Standard Time)",275
"178.132.84.1","Thu Dec 03 2020 12:11:30 GMT+0330 (Iran Standard Time)",300
"178.132.84.1","Thu Dec 03 2020 12:11:31 GMT+0330 (Iran Standard Time)",334
"178.132.84.1","Thu Dec 03 2020 12:11:32 GMT+0330 (Iran Standard Time)",139
"178.132.84.1","Thu Dec 03 2020 12:11:33 GMT+0330 (Iran Standard Time)",137
"178.132.84.1","Thu Dec 03 2020 12:11:35 GMT+0330 (Iran Standard Time)",210
"178.132.84.1","Thu Dec 03 2020 12:11:36 GMT+0330 (Iran Standard Time)",233
"178.132.84.1","Thu Dec 03 2020 12:11:36 GMT+0330 (Iran Standard Time)",233
"178.132.84.1","Thu Dec 03 2020 12:11:37 GMT+0330 (Iran Standard Time)",254
"178.132.84.1","Thu Dec 03 2020 12:11:37 GMT+0330 (Iran Standard Time)",254
"178.132.84.1","Thu Dec 03 2020 12:11:38 GMT+0330 (Iran Standard Time)",136
"178.132.84.1","Thu Dec 03 2020 12:11:39 GMT+0330 (Iran Standard Time)",304
"178.132.84.1","Thu Dec 03 2020 12:11:40 GMT+0330 (Iran Standard Time)",325
"178.132.84.1","Thu Dec 03 2020 12:11:41 GMT+0330 (Iran Standard Time)",139
"178.132.84.1","Thu Dec 03 2020 12:11:42 GMT+0330 (Iran Standard Time)",167
"178.132.84.1","Thu Dec 03 2020 12:11:44 GMT+0330 (Iran Standard Time)",214
"178.132.84.1","Thu Dec 03 2020 12:11:44 GMT+0330 (Iran Standard Time)",214
"178.132.84.1","Thu Dec 03 2020 12:11:45 GMT+0330 (Iran Standard Time)",245
"178.132.84.1","Thu Dec 03 2020 12:11:46 GMT+0330 (Iran Standard Time)",261
"178.132.84.1","Thu Dec 03 2020 12:11:47 GMT+0330 (Iran Standard Time)",293
"178.132.84.1","Thu Dec 03 2020 12:11:48 GMT+0330 (Iran Standard Time)",320
"178.132.84.1","Thu Dec 03 2020 12:11:49 GMT+0330 (Iran Standard Time)",140
"178.132.84.1","Thu Dec 03 2020 12:11:50 GMT+0330 (Iran Standard Time)",145
"178.132.84.1","Thu Dec 03 2020 12:11:51 GMT+0330 (Iran Standard Time)",185
"178.132.84.1","Thu Dec 03 2020 12:11:52 GMT+0330 (Iran Standard Time)",193
"178.132.84.1","Thu Dec 03 2020 12:11:53 GMT+0330 (Iran Standard Time)",139
"178.132.84.1","Thu Dec 03 2020 12:11:54 GMT+0330 (Iran Standard Time)",237
"178.132.84.1","Thu Dec 03 2020 12:11:55 GMT+0330 (Iran Standard Time)",274
"178.132.84.1","Thu Dec 03 2020 12:11:56 GMT+0330 (Iran Standard Time)",287
"178.132.84.1","Thu Dec 03 2020 12:11:57 GMT+0330 (Iran Standard Time)",309
"178.132.84.1","Thu Dec 03 2020 12:11:58 GMT+0330 (Iran Standard Time)",330
"178.132.84.1","Thu Dec 03 2020 12:11:59 GMT+0330 (Iran Standard Time)",153
"178.132.84.1","Thu Dec 03 2020 12:11:59 GMT+0330 (Iran Standard Time)",153
"178.132.84.1","Thu Dec 03 2020 12:12:01 GMT+0330 (Iran Standard Time)",210
"178.132.84.1","Thu Dec 03 2020 12:12:02 GMT+0330 (Iran Standard Time)",209
"178.132.84.1","Thu Dec 03 2020 12:12:02 GMT+0330 (Iran Standard Time)",209
"178.132.84.1","Thu Dec 03 2020 12:12:04 GMT+0330 (Iran Standard Time)",266
"178.132.84.1","Thu Dec 03 2020 12:12:05 GMT+0330 (Iran Standard Time)",136
"178.132.84.1","Thu Dec 03 2020 12:12:06 GMT+0330 (Iran Standard Time)",321
"178.132.84.1","Thu Dec 03 2020 12:12:07 GMT+0330 (Iran Standard Time)",138
"178.132.84.1","Thu Dec 03 2020 12:12:08 GMT+0330 (Iran Standard Time)",139
"178.132.84.1","Thu Dec 03 2020 12:12:09 GMT+0330 (Iran Standard Time)",171
"178.132.84.1","Thu Dec 03 2020 12:12:10 GMT+0330 (Iran Standard Time)",135
"178.132.84.1","Thu Dec 03 2020 12:12:11 GMT+0330 (Iran Standard Time)",220
"178.132.84.1","Thu Dec 03 2020 12:12:12 GMT+0330 (Iran Standard Time)",253
"178.132.84.1","Thu Dec 03 2020 12:12:13 GMT+0330 (Iran Standard Time)",266
"178.132.84.1","Thu Dec 03 2020 12:12:14 GMT+0330 (Iran Standard Time)",137
"178.132.84.1","Thu Dec 03 2020 12:12:14 GMT+0330 (Iran Standard Time)",137
"178.132.84.1","Thu Dec 03 2020 12:12:15 GMT+0330 (Iran Standard Time)",137
"178.132.84.1","Thu Dec 03 2020 12:12:16 GMT+0330 (Iran Standard Time)",342
"178.132.84.1","Thu Dec 03 2020 12:12:17 GMT+0330 (Iran Standard Time)",153
"178.132.84.1","Thu Dec 03 2020 12:12:18 GMT+0330 (Iran Standard Time)",176
"178.132.84.1","Thu Dec 03 2020 12:12:19 GMT+0330 (Iran Standard Time)",198
"178.132.84.1","Thu Dec 03 2020 12:12:20 GMT+0330 (Iran Standard Time)",221
"178.132.84.1","Thu Dec 03 2020 12:12:20 GMT+0330 (Iran Standard Time)",221
"178.132.84.1","Thu Dec 03 2020 12:12:22 GMT+0330 (Iran Standard Time)",157
"178.132.84.1","Thu Dec 03 2020 12:12:23 GMT+0330 (Iran Standard Time)",137
"178.132.84.1","Thu Dec 03 2020 12:12:24 GMT+0330 (Iran Standard Time)",317
"178.132.84.1","Thu Dec 03 2020 12:12:25 GMT+0330 (Iran Standard Time)",348
"178.132.84.1","Thu Dec 03 2020 12:12:26 GMT+0330 (Iran Standard Time)",158
"178.132.84.1","Thu Dec 03 2020 12:12:27 GMT+0330 (Iran Standard Time)",178
"178.132.84.1","Thu Dec 03 2020 12:12:27 GMT+0330 (Iran Standard Time)",178
"178.132.84.1","Thu Dec 03 2020 12:12:29 GMT+0330 (Iran Standard Time)",225
"178.132.84.1","Thu Dec 03 2020 12:12:30 GMT+0330 (Iran Standard Time)",257
"178.132.84.1","Thu Dec 03 2020 12:12:31 GMT+0330 (Iran Standard Time)",273
"178.132.84.1","Thu Dec 03 2020 12:12:32 GMT+0330 (Iran Standard Time)",297
"178.132.84.1","Thu Dec 03 2020 12:12:33 GMT+0330 (Iran Standard Time)",318
"178.132.84.1","Thu Dec 03 2020 12:12:34 GMT+0330 (Iran Standard Time)",347
"178.132.84.1","Thu Dec 03 2020 12:12:35 GMT+0330 (Iran Standard Time)",161
"178.132.84.1","Thu Dec 03 2020 12:12:36 GMT+0330 (Iran Standard Time)",181
"178.132.84.1","Thu Dec 03 2020 12:12:37 GMT+0330 (Iran Standard Time)",208
"178.132.84.1","Thu Dec 03 2020 12:12:38 GMT+0330 (Iran Standard Time)",139
"178.132.84.1","Thu Dec 03 2020 12:12:39 GMT+0330 (Iran Standard Time)",200
"178.132.84.1","Thu Dec 03 2020 12:12:41 GMT+0330 (Iran Standard Time)",303
"178.132.84.1","Thu Dec 03 2020 12:12:41 GMT+0330 (Iran Standard Time)",303
"178.132.84.1","Thu Dec 03 2020 12:12:42 GMT+0330 (Iran Standard Time)",325
"178.132.84.1","Thu Dec 03 2020 12:12:43 GMT+0330 (Iran Standard Time)",142
"178.132.84.1","Thu Dec 03 2020 12:12:44 GMT+0330 (Iran Standard Time)",164
"178.132.84.1","Thu Dec 03 2020 12:12:45 GMT+0330 (Iran Standard Time)",184
"178.132.84.1","Thu Dec 03 2020 12:12:45 GMT+0330 (Iran Standard Time)",184
"178.132.84.1","Thu Dec 03 2020 12:12:46 GMT+0330 (Iran Standard Time)",212
"178.132.84.1","Thu Dec 03 2020 12:12:47 GMT+0330 (Iran Standard Time)",231
"178.132.84.1","Thu Dec 03 2020 12:12:48 GMT+0330 (Iran Standard Time)",258
"178.132.84.1","Thu Dec 03 2020 12:12:49 GMT+0330 (Iran Standard Time)",275
"178.132.84.1","Thu Dec 03 2020 12:12:50 GMT+0330 (Iran Standard Time)",303
"178.132.84.1","Thu Dec 03 2020 12:12:51 GMT+0330 (Iran Standard Time)",328
"178.132.84.1","Thu Dec 03 2020 12:12:52 GMT+0330 (Iran Standard Time)",145
"178.132.84.1","Thu Dec 03 2020 12:12:52 GMT+0330 (Iran Standard Time)",145
"178.132.84.1","Thu Dec 03 2020 12:12:54 GMT+0330 (Iran Standard Time)",189
"178.132.84.1","Thu Dec 03 2020 12:12:54 GMT+0330 (Iran Standard Time)",189
"178.132.84.1","Thu Dec 03 2020 12:12:55 GMT+0330 (Iran Standard Time)",213
"178.132.84.1","Thu Dec 03 2020 12:12:57 GMT+0330 (Iran Standard Time)",257
"178.132.84.1","Thu Dec 03 2020 12:12:58 GMT+0330 (Iran Standard Time)",281
"178.132.84.1","Thu Dec 03 2020 12:12:59 GMT+0330 (Iran Standard Time)",305
"178.132.84.1","Thu Dec 03 2020 12:13:00 GMT+0330 (Iran Standard Time)",337
"178.132.84.1","Thu Dec 03 2020 12:13:02 GMT+0330 (Iran Standard Time)",171
"178.132.84.1","Thu Dec 03 2020 12:13:03 GMT+0330 (Iran Standard Time)",166
"178.132.84.1","Thu Dec 03 2020 12:13:03 GMT+0330 (Iran Standard Time)",166
"178.132.84.1","Thu Dec 03 2020 12:13:04 GMT+0330 (Iran Standard Time)",143
"178.132.84.1","Thu Dec 03 2020 12:13:05 GMT+0330 (Iran Standard Time)",252
"178.132.84.1","Thu Dec 03 2020 12:13:06 GMT+0330 (Iran Standard Time)",268
"178.132.84.1","Thu Dec 03 2020 12:13:06 GMT+0330 (Iran Standard Time)",268
"178.132.84.1","Thu Dec 03 2020 12:13:07 GMT+0330 (Iran Standard Time)",295
"178.132.84.1","Thu Dec 03 2020 12:13:08 GMT+0330 (Iran Standard Time)",136
"178.132.84.1","Thu Dec 03 2020 12:13:09 GMT+0330 (Iran Standard Time)",333
"178.132.84.1","Thu Dec 03 2020 12:13:10 GMT+0330 (Iran Standard Time)",151
"178.132.84.1","Thu Dec 03 2020 12:13:10 GMT+0330 (Iran Standard Time)",151
"178.132.84.1","Thu Dec 03 2020 12:13:11 GMT+0330 (Iran Standard Time)",136
"178.132.84.1","Thu Dec 03 2020 12:13:12 GMT+0330 (Iran Standard Time)",195
"178.132.84.1","Thu Dec 03 2020 12:13:13 GMT+0330 (Iran Standard Time)",228
"178.132.84.1","Thu Dec 03 2020 12:13:13 GMT+0330 (Iran Standard Time)",228
"178.132.84.1","Thu Dec 03 2020 12:13:14 GMT+0330 (Iran Standard Time)",135
"178.132.84.1","Thu Dec 03 2020 12:13:16 GMT+0330 (Iran Standard Time)",291
"178.132.84.1","Thu Dec 03 2020 12:13:19 GMT+0330 (Iran Standard Time)",351
"178.132.84.1","Thu Dec 03 2020 12:13:19 GMT+0330 (Iran Standard Time)",351
"178.132.84.1","Thu Dec 03 2020 12:13:19 GMT+0330 (Iran Standard Time)",150
"178.132.84.1","Thu Dec 03 2020 12:13:20 GMT+0330 (Iran Standard Time)",175
"178.132.84.1","Thu Dec 03 2020 12:13:21 GMT+0330 (Iran Standard Time)",165
"178.132.84.1","Thu Dec 03 2020 12:13:21 GMT+0330 (Iran Standard Time)",165
"178.132.84.1","Thu Dec 03 2020 12:13:23 GMT+0330 (Iran Standard Time)",137
"178.132.84.1","Thu Dec 03 2020 12:13:24 GMT+0330 (Iran Standard Time)",274
"178.132.84.1","Thu Dec 03 2020 12:13:25 GMT+0330 (Iran Standard Time)",293
"178.132.84.1","Thu Dec 03 2020 12:13:26 GMT+0330 (Iran Standard Time)",324
"178.132.84.1","Thu Dec 03 2020 12:13:27 GMT+0330 (Iran Standard Time)",136
"178.132.84.1","Thu Dec 03 2020 12:13:49 GMT+0330 (Iran Standard Time)",283
"178.132.84.1","Thu Dec 03 2020 12:13:50 GMT+0330 (Iran Standard Time)",313
"178.132.84.1","Thu Dec 03 2020 12:13:51 GMT+0330 (Iran Standard Time)",338
"178.132.84.1","Thu Dec 03 2020 12:13:52 GMT+0330 (Iran Standard Time)",137
"178.132.84.1","Thu Dec 03 2020 12:13:53 GMT+0330 (Iran Standard Time)",185
"178.132.84.1","Thu Dec 03 2020 12:13:54 GMT+0330 (Iran Standard Time)",202
"178.132.84.1","Thu Dec 03 2020 12:13:55 GMT+0330 (Iran Standard Time)",224
"178.132.84.1","Thu Dec 03 2020 12:13:56 GMT+0330 (Iran Standard Time)",247
"178.132.84.1","Thu Dec 03 2020 12:13:57 GMT+0330 (Iran Standard Time)",269
"178.132.84.1","Thu Dec 03 2020 12:13:58 GMT+0330 (Iran Standard Time)",136
"178.132.84.1","Thu Dec 03 2020 12:13:59 GMT+0330 (Iran Standard Time)",319
"178.132.84.1","Thu Dec 03 2020 12:14:00 GMT+0330 (Iran Standard Time)",339
"178.132.84.1","Thu Dec 03 2020 12:14:01 GMT+0330 (Iran Standard Time)",175
"178.132.84.1","Thu Dec 03 2020 12:14:01 GMT+0330 (Iran Standard Time)",175
"178.132.84.1","Thu Dec 03 2020 12:14:02 GMT+0330 (Iran Standard Time)",180
"178.132.84.1","Thu Dec 03 2020 12:14:03 GMT+0330 (Iran Standard Time)",203
"178.132.84.1","Thu Dec 03 2020 12:14:04 GMT+0330 (Iran Standard Time)",227
"178.132.84.1","Thu Dec 03 2020 12:14:05 GMT+0330 (Iran Standard Time)",254
"178.132.84.1","Thu Dec 03 2020 12:14:06 GMT+0330 (Iran Standard Time)",273
"178.132.84.1","Thu Dec 03 2020 12:14:07 GMT+0330 (Iran Standard Time)",164
"178.132.84.1","Thu Dec 03 2020 12:14:08 GMT+0330 (Iran Standard Time)",181
"178.132.84.1","Thu Dec 03 2020 12:14:09 GMT+0330 (Iran Standard Time)",180
"178.132.84.1","Thu Dec 03 2020 12:14:10 GMT+0330 (Iran Standard Time)",154
"178.132.84.1","Thu Dec 03 2020 12:14:11 GMT+0330 (Iran Standard Time)",179
"178.132.84.1","Thu Dec 03 2020 12:14:12 GMT+0330 (Iran Standard Time)",201
"178.132.84.1","Thu Dec 03 2020 12:14:13 GMT+0330 (Iran Standard Time)",222
"178.132.84.1","Thu Dec 03 2020 12:14:14 GMT+0330 (Iran Standard Time)",244
"178.132.84.1","Thu Dec 03 2020 12:14:15 GMT+0330 (Iran Standard Time)",267
"178.132.84.1","Thu Dec 03 2020 12:15:22 GMT+0330 (Iran Standard Time)",325
"178.132.84.1","Thu Dec 03 2020 12:15:22 GMT+0330 (Iran Standard Time)",140
"178.132.84.1","Thu Dec 03 2020 12:15:23 GMT+0330 (Iran Standard Time)",137
"178.132.84.1","Thu Dec 03 2020 12:15:24 GMT+0330 (Iran Standard Time)",165
"178.132.84.1","Thu Dec 03 2020 12:15:25 GMT+0330 (Iran Standard Time)",220
"178.132.84.1","Thu Dec 03 2020 12:15:27 GMT+0330 (Iran Standard Time)",236
"178.132.84.1","Thu Dec 03 2020 12:15:28 GMT+0330 (Iran Standard Time)",258
"178.132.84.1","Thu Dec 03 2020 12:15:29 GMT+0330 (Iran Standard Time)",284
"178.132.84.1","Thu Dec 03 2020 12:15:29 GMT+0330 (Iran Standard Time)",136
"178.132.84.1","Thu Dec 03 2020 12:15:31 GMT+0330 (Iran Standard Time)",327
"178.132.84.1","Thu Dec 03 2020 12:15:31 GMT+0330 (Iran Standard Time)",138
"178.132.84.1","Thu Dec 03 2020 12:15:32 GMT+0330 (Iran Standard Time)",174
"178.132.84.1","Thu Dec 03 2020 12:15:33 GMT+0330 (Iran Standard Time)",195
"178.132.84.1","Thu Dec 03 2020 12:15:34 GMT+0330 (Iran Standard Time)",214
"178.132.84.1","Thu Dec 03 2020 12:15:36 GMT+0330 (Iran Standard Time)",240
"178.132.84.1","Thu Dec 03 2020 12:15:37 GMT+0330 (Iran Standard Time)",261
"178.132.84.1","Thu Dec 03 2020 12:15:38 GMT+0330 (Iran Standard Time)",289
"178.132.84.1","Thu Dec 03 2020 12:15:38 GMT+0330 (Iran Standard Time)",136
"178.132.84.1","Thu Dec 03 2020 12:15:39 GMT+0330 (Iran Standard Time)",198
"178.132.84.1","Thu Dec 03 2020 12:15:40 GMT+0330 (Iran Standard Time)",148
"178.132.84.1","Thu Dec 03 2020 12:15:41 GMT+0330 (Iran Standard Time)",172
"178.132.84.1","Thu Dec 03 2020 12:15:42 GMT+0330 (Iran Standard Time)",199
"178.132.84.1","Thu Dec 03 2020 12:15:44 GMT+0330 (Iran Standard Time)",218
"178.132.84.1","Thu Dec 03 2020 12:15:45 GMT+0330 (Iran Standard Time)",239
"178.132.84.1","Thu Dec 03 2020 12:15:46 GMT+0330 (Iran Standard Time)",271
"178.132.84.1","Thu Dec 03 2020 12:15:46 GMT+0330 (Iran Standard Time)",163
"178.132.84.1","Thu Dec 03 2020 12:15:48 GMT+0330 (Iran Standard Time)",322
"178.132.84.1","Thu Dec 03 2020 12:15:49 GMT+0330 (Iran Standard Time)",332
"178.132.84.1","Thu Dec 03 2020 12:15:49 GMT+0330 (Iran Standard Time)",150
"178.132.84.1","Thu Dec 03 2020 12:50:45 GMT+0330 (Iran Standard Time)",225
"178.132.84.1","Thu Dec 03 2020 12:50:46 GMT+0330 (Iran Standard Time)",264
"178.132.84.1","Thu Dec 03 2020 12:50:47 GMT+0330 (Iran Standard Time)",286
"178.132.84.1","Thu Dec 03 2020 12:50:48 GMT+0330 (Iran Standard Time)",309
"178.132.84.1","Thu Dec 03 2020 12:50:49 GMT+0330 (Iran Standard Time)",330
"178.132.84.1","Thu Dec 03 2020 12:50:50 GMT+0330 (Iran Standard Time)",137
"178.132.84.1","Thu Dec 03 2020 12:50:51 GMT+0330 (Iran Standard Time)",168
"178.132.84.1","Thu Dec 03 2020 12:50:52 GMT+0330 (Iran Standard Time)",195
"178.132.84.1","Thu Dec 03 2020 12:50:53 GMT+0330 (Iran Standard Time)",223
"178.132.84.1","Thu Dec 03 2020 12:50:54 GMT+0330 (Iran Standard Time)",246
"178.132.84.1","Thu Dec 03 2020 12:50:55 GMT+0330 (Iran Standard Time)",263
"178.132.84.1","Thu Dec 03 2020 12:50:56 GMT+0330 (Iran Standard Time)",142
"178.132.84.1","Thu Dec 03 2020 12:50:57 GMT+0330 (Iran Standard Time)",139
"178.132.84.1","Thu Dec 03 2020 12:50:58 GMT+0330 (Iran Standard Time)",335
"178.132.84.1","Thu Dec 03 2020 12:50:59 GMT+0330 (Iran Standard Time)",154
"178.132.84.1","Thu Dec 03 2020 12:51:00 GMT+0330 (Iran Standard Time)",174
"178.132.84.1","Thu Dec 03 2020 12:51:01 GMT+0330 (Iran Standard Time)",196
"178.132.84.1","Thu Dec 03 2020 12:51:02 GMT+0330 (Iran Standard Time)",231
"178.132.84.1","Thu Dec 03 2020 12:51:03 GMT+0330 (Iran Standard Time)",248
"178.132.84.1","Thu Dec 03 2020 12:51:04 GMT+0330 (Iran Standard Time)",273
"178.132.84.1","Thu Dec 03 2020 12:51:05 GMT+0330 (Iran Standard Time)",299
"178.132.84.1","Thu Dec 03 2020 12:51:06 GMT+0330 (Iran Standard Time)",312
"178.132.84.1","Thu Dec 03 2020 12:51:07 GMT+0330 (Iran Standard Time)",361
"178.132.84.1","Thu Dec 03 2020 12:51:08 GMT+0330 (Iran Standard Time)",137
"178.132.84.1","Thu Dec 03 2020 12:51:09 GMT+0330 (Iran Standard Time)",186
"178.132.84.1","Thu Dec 03 2020 12:51:10 GMT+0330 (Iran Standard Time)",148
"178.132.84.1","Thu Dec 03 2020 12:51:11 GMT+0330 (Iran Standard Time)",222
"178.132.84.1","Thu Dec 03 2020 12:51:12 GMT+0330 (Iran Standard Time)",137
"178.132.84.1","Thu Dec 03 2020 12:51:13 GMT+0330 (Iran Standard Time)",269
"178.132.84.1","Thu Dec 03 2020 12:51:14 GMT+0330 (Iran Standard Time)",158
"178.132.84.1","Thu Dec 03 2020 12:51:15 GMT+0330 (Iran Standard Time)",155
"178.132.84.1","Thu Dec 03 2020 12:51:16 GMT+0330 (Iran Standard Time)",139
"178.132.84.1","Thu Dec 03 2020 12:51:17 GMT+0330 (Iran Standard Time)",176
"178.132.84.1","Thu Dec 03 2020 12:51:18 GMT+0330 (Iran Standard Time)",168
"178.132.84.1","Thu Dec 03 2020 12:51:19 GMT+0330 (Iran Standard Time)",213
"178.132.84.1","Thu Dec 03 2020 12:51:20 GMT+0330 (Iran Standard Time)",246
"178.132.84.1","Thu Dec 03 2020 12:51:21 GMT+0330 (Iran Standard Time)",246
"178.132.84.1","Thu Dec 03 2020 12:51:22 GMT+0330 (Iran Standard Time)",136
"178.132.84.1","Thu Dec 03 2020 12:51:23 GMT+0330 (Iran Standard Time)",294
"178.132.84.1","Thu Dec 03 2020 12:51:24 GMT+0330 (Iran Standard Time)",328
"178.132.84.1","Thu Dec 03 2020 12:51:25 GMT+0330 (Iran Standard Time)",341
"178.132.84.1","Thu Dec 03 2020 12:51:26 GMT+0330 (Iran Standard Time)",143
"178.132.84.1","Thu Dec 03 2020 12:51:27 GMT+0330 (Iran Standard Time)",196
"178.132.84.1","Thu Dec 03 2020 12:51:28 GMT+0330 (Iran Standard Time)",205
"178.132.84.1","Thu Dec 03 2020 12:51:29 GMT+0330 (Iran Standard Time)",238
"178.132.84.1","Thu Dec 03 2020 12:51:30 GMT+0330 (Iran Standard Time)",136
"178.132.84.1","Thu Dec 03 2020 12:51:31 GMT+0330 (Iran Standard Time)",135
"178.132.84.1","Thu Dec 03 2020 12:51:32 GMT+0330 (Iran Standard Time)",294
"178.132.84.1","Thu Dec 03 2020 12:51:33 GMT+0330 (Iran Standard Time)",279
"178.132.84.1","Thu Dec 03 2020 12:51:34 GMT+0330 (Iran Standard Time)",348
"178.132.84.1","Thu Dec 03 2020 12:51:35 GMT+0330 (Iran Standard Time)",155
"178.132.84.1","Thu Dec 03 2020 12:51:36 GMT+0330 (Iran Standard Time)",181
"178.132.84.1","Thu Dec 03 2020 12:51:37 GMT+0330 (Iran Standard Time)",210
"178.132.84.1","Thu Dec 03 2020 12:51:38 GMT+0330 (Iran Standard Time)",225
"178.132.84.1","Thu Dec 03 2020 12:51:39 GMT+0330 (Iran Standard Time)",248
"178.132.84.1","Thu Dec 03 2020 12:51:40 GMT+0330 (Iran Standard Time)",281
"178.132.84.1","Thu Dec 03 2020 12:51:41 GMT+0330 (Iran Standard Time)",138
"178.132.84.1","Thu Dec 03 2020 12:51:42 GMT+0330 (Iran Standard Time)",320
"178.132.84.1","Thu Dec 03 2020 12:51:43 GMT+0330 (Iran Standard Time)",344
"178.132.84.1","Thu Dec 03 2020 12:51:44 GMT+0330 (Iran Standard Time)",168
"178.132.84.1","Thu Dec 03 2020 12:51:45 GMT+0330 (Iran Standard Time)",179
"178.132.84.1","Thu Dec 03 2020 12:51:46 GMT+0330 (Iran Standard Time)",206
"178.132.84.1","Thu Dec 03 2020 12:51:47 GMT+0330 (Iran Standard Time)",228
"178.132.84.1","Thu Dec 03 2020 12:51:48 GMT+0330 (Iran Standard Time)",251
"178.132.84.1","Thu Dec 03 2020 12:51:49 GMT+0330 (Iran Standard Time)",282
"178.132.84.1","Thu Dec 03 2020 12:51:50 GMT+0330 (Iran Standard Time)",300
"178.132.84.1","Thu Dec 03 2020 12:51:51 GMT+0330 (Iran Standard Time)",319
"178.132.84.1","Thu Dec 03 2020 12:51:52 GMT+0330 (Iran Standard Time)",345
"178.132.84.1","Thu Dec 03 2020 12:51:53 GMT+0330 (Iran Standard Time)",161
"178.132.84.1","Thu Dec 03 2020 12:51:55 GMT+0330 (Iran Standard Time)",211
"178.132.84.1","Thu Dec 03 2020 12:51:56 GMT+0330 (Iran Standard Time)",136
"178.132.84.1","Thu Dec 03 2020 12:51:57 GMT+0330 (Iran Standard Time)",136
"178.132.84.1","Thu Dec 03 2020 12:51:58 GMT+0330 (Iran Standard Time)",280
"178.132.84.1","Thu Dec 03 2020 12:51:59 GMT+0330 (Iran Standard Time)",317
"178.132.84.1","Thu Dec 03 2020 12:52:00 GMT+0330 (Iran Standard Time)",138
"178.132.84.1","Thu Dec 03 2020 12:52:01 GMT+0330 (Iran Standard Time)",158
"178.132.84.1","Thu Dec 03 2020 12:52:02 GMT+0330 (Iran Standard Time)",168
"178.132.84.1","Thu Dec 03 2020 12:52:03 GMT+0330 (Iran Standard Time)",189
"178.132.84.1","Thu Dec 03 2020 12:52:04 GMT+0330 (Iran Standard Time)",218
"178.132.84.1","Thu Dec 03 2020 12:52:05 GMT+0330 (Iran Standard Time)",237
"178.132.84.1","Thu Dec 03 2020 12:52:06 GMT+0330 (Iran Standard Time)",260
"178.132.84.1","Thu Dec 03 2020 12:52:07 GMT+0330 (Iran Standard Time)",284
"178.132.84.1","Thu Dec 03 2020 12:52:08 GMT+0330 (Iran Standard Time)",308
"178.132.84.1","Thu Dec 03 2020 12:52:09 GMT+0330 (Iran Standard Time)",327
"178.132.84.1","Thu Dec 03 2020 12:52:10 GMT+0330 (Iran Standard Time)",147
"178.132.84.1","Thu Dec 03 2020 12:52:11 GMT+0330 (Iran Standard Time)",172
"178.132.84.1","Thu Dec 03 2020 12:52:12 GMT+0330 (Iran Standard Time)",193
"178.132.84.1","Thu Dec 03 2020 12:52:14 GMT+0330 (Iran Standard Time)",202
"178.132.84.1","Thu Dec 03 2020 12:52:15 GMT+0330 (Iran Standard Time)",260
"178.132.84.1","Thu Dec 03 2020 12:52:16 GMT+0330 (Iran Standard Time)",138
"178.132.84.1","Thu Dec 03 2020 12:52:17 GMT+0330 (Iran Standard Time)",141
"178.132.84.1","Thu Dec 03 2020 12:52:18 GMT+0330 (Iran Standard Time)",136
"178.132.84.1","Thu Dec 03 2020 12:52:19 GMT+0330 (Iran Standard Time)",138
"178.132.84.1","Thu Dec 03 2020 12:52:20 GMT+0330 (Iran Standard Time)",173
"178.132.84.1","Thu Dec 03 2020 12:52:21 GMT+0330 (Iran Standard Time)",197
"178.132.84.1","Thu Dec 03 2020 12:52:22 GMT+0330 (Iran Standard Time)",216
"178.132.84.1","Thu Dec 03 2020 12:52:23 GMT+0330 (Iran Standard Time)",240
"178.132.84.1","Thu Dec 03 2020 12:52:24 GMT+0330 (Iran Standard Time)",263
"178.132.84.1","Thu Dec 03 2020 12:52:25 GMT+0330 (Iran Standard Time)",290
"178.132.84.1","Thu Dec 03 2020 12:52:26 GMT+0330 (Iran Standard Time)",137
"178.132.84.1","Thu Dec 03 2020 12:52:27 GMT+0330 (Iran Standard Time)",143
"178.132.84.1","Thu Dec 03 2020 12:52:28 GMT+0330 (Iran Standard Time)",150
"178.132.84.1","Thu Dec 03 2020 12:52:29 GMT+0330 (Iran Standard Time)",181
"178.132.84.1","Thu Dec 03 2020 12:52:30 GMT+0330 (Iran Standard Time)",203
"178.132.84.1","Thu Dec 03 2020 12:52:31 GMT+0330 (Iran Standard Time)",231
"178.132.84.1","Thu Dec 03 2020 12:52:32 GMT+0330 (Iran Standard Time)",243
"178.132.84.1","Thu Dec 03 2020 12:52:33 GMT+0330 (Iran Standard Time)",251
"178.132.84.1","Thu Dec 03 2020 12:52:34 GMT+0330 (Iran Standard Time)",297
"178.132.84.1","Thu Dec 03 2020 12:52:35 GMT+0330 (Iran Standard Time)",324
"178.132.84.1","Thu Dec 03 2020 12:52:36 GMT+0330 (Iran Standard Time)",139
"178.132.84.1","Thu Dec 03 2020 12:52:37 GMT+0330 (Iran Standard Time)",153
"178.132.84.1","Thu Dec 03 2020 12:52:38 GMT+0330 (Iran Standard Time)",176
"178.132.84.1","Thu Dec 03 2020 12:52:39 GMT+0330 (Iran Standard Time)",202
"178.132.84.1","Thu Dec 03 2020 12:52:41 GMT+0330 (Iran Standard Time)",249
"178.132.84.1","Thu Dec 03 2020 12:52:42 GMT+0330 (Iran Standard Time)",276
"178.132.84.1","Thu Dec 03 2020 12:52:43 GMT+0330 (Iran Standard Time)",310
